FlightNumber,Date,Origin,Destination,DelayCategory,DestinationType,DayOfWeek,Delay
182,01MAR2000,LGA,YYZ,No Delay,International,4,0
114,01MAR2000,LGA,LAX,1-10 Minutes,Domestic,4,8
202,01MAR2000,LGA,ORD,No Delay,Domestic,4,-5
219,01MAR2000,LGA,LHR,11+ Minutes,International,4,18
439,01MAR2000,LGA,LAX,No Delay,Domestic,4,-4
387,01MAR2000,LGA,CPH,No Delay,International,4,-2
290,01MAR2000,LGA,WAS,No Delay,Domestic,4,-8
523,01MAR2000,LGA,ORD,1-10 Minutes,Domestic,4,4
982,01MAR2000,LGA,DFW,No Delay,Domestic,4,0
622,01MAR2000,LGA,FRA,No Delay,International,4,-5
821,01MAR2000,LGA,LHR,11+ Minutes,International,4,16
872,01MAR2000,LGA,LAX,1-10 Minutes,Domestic,4,3
416,01MAR2000,LGA,WAS,1-10 Minutes,Domestic,4,4
132,01MAR2000,LGA,YYZ,11+ Minutes,International,4,14
829,01MAR2000,LGA,WAS,No Delay,Domestic,4,-6
183,01MAR2000,LGA,WAS,No Delay,Domestic,4,-8
271,01MAR2000,LGA,CDG,1-10 Minutes,International,4,5
921,01MAR2000,LGA,DFW,No Delay,Domestic,4,-5
302,01MAR2000,LGA,WAS,No Delay,Domestic,4,-2
431,01MAR2000,LGA,LAX,11+ Minutes,Domestic,4,13
308,01MAR2000,LGA,ORD,No Delay,Domestic,4,-5
182,02MAR2000,LGA,YYZ,1-10 Minutes,International,5,2
114,02MAR2000,LGA,LAX,No Delay,Domestic,5,0
202,02MAR2000,LGA,ORD,1-10 Minutes,Domestic,5,5
219,02MAR2000,LGA,LHR,11+ Minutes,International,5,18
439,02MAR2000,LGA,LAX,1-10 Minutes,Domestic,5,2
387,02MAR2000,LGA,CPH,No Delay,International,5,-10
290,02MAR2000,LGA,WAS,No Delay,Domestic,5,-3
523,02MAR2000,LGA,ORD,No Delay,Domestic,5,-5
982,02MAR2000,LGA,DFW,1-10 Minutes,Domestic,5,9
622,02MAR2000,LGA,FRA,No Delay,International,5,0
821,02MAR2000,LGA,LHR,No Delay,International,5,-9
872,02MAR2000,LGA,LAX,1-10 Minutes,Domestic,5,7
416,02MAR2000,LGA,WAS,No Delay,Domestic,5,0
132,02MAR2000,LGA,YYZ,1-10 Minutes,International,5,5
829,02MAR2000,LGA,WAS,1-10 Minutes,Domestic,5,1
183,02MAR2000,LGA,WAS,1-10 Minutes,Domestic,5,5
271,02MAR2000,LGA,CDG,1-10 Minutes,International,5,4
921,02MAR2000,LGA,DFW,1-10 Minutes,Domestic,5,5
302,02MAR2000,LGA,WAS,No Delay,Domestic,5,0
431,02MAR2000,LGA,LAX,11+ Minutes,Domestic,5,15
308,02MAR2000,LGA,ORD,No Delay,Domestic,5,-6
182,03MAR2000,LGA,YYZ,11+ Minutes,International,6,14
114,03MAR2000,LGA,LAX,No Delay,Domestic,6,-1
202,03MAR2000,LGA,ORD,No Delay,Domestic,6,-1
219,03MAR2000,LGA,LHR,1-10 Minutes,International,6,4
439,03MAR2000,LGA,LAX,1-10 Minutes,Domestic,6,4
387,03MAR2000,LGA,CPH,No Delay,International,6,-5
290,03MAR2000,LGA,WAS,1-10 Minutes,Domestic,6,6
523,03MAR2000,LGA,ORD,1-10 Minutes,Domestic,6,7
982,03MAR2000,LGA,DFW,1-10 Minutes,Domestic,6,1
622,03MAR2000,LGA,FRA,No Delay,International,6,-2
821,03MAR2000,LGA,LHR,11+ Minutes,International,6,16
872,03MAR2000,LGA,LAX,11+ Minutes,Domestic,6,14
132,03MAR2000,LGA,YYZ,1-10 Minutes,International,6,6
829,03MAR2000,LGA,WAS,1-10 Minutes,Domestic,6,7
183,03MAR2000,LGA,WAS,1-10 Minutes,Domestic,6,5
271,03MAR2000,LGA,CDG,1-10 Minutes,International,6,2
921,03MAR2000,LGA,DFW,No Delay,Domestic,6,-7
302,03MAR2000,LGA,WAS,1-10 Minutes,Domestic,6,5
431,03MAR2000,LGA,LAX,1-10 Minutes,Domestic,6,5
308,03MAR2000,LGA,ORD,No Delay,Domestic,6,-2
182,04MAR2000,LGA,YYZ,1-10 Minutes,International,7,4
114,04MAR2000,LGA,LAX,11+ Minutes,Domestic,7,15
202,04MAR2000,LGA,ORD,No Delay,Domestic,7,-5
219,04MAR2000,LGA,LHR,1-10 Minutes,International,7,3
439,04MAR2000,LGA,LAX,11+ Minutes,Domestic,7,20
387,04MAR2000,LGA,CPH,11+ Minutes,International,7,13
290,04MAR2000,LGA,WAS,No Delay,Domestic,7,-8
523,04MAR2000,LGA,ORD,11+ Minutes,Domestic,7,12
982,04MAR2000,LGA,DFW,No Delay,Domestic,7,-3
622,04MAR2000,LGA,FRA,11+ Minutes,International,7,30
821,04MAR2000,LGA,LHR,1-10 Minutes,International,7,5
872,04MAR2000,LGA,LAX,No Delay,Domestic,7,-1
416,04MAR2000,LGA,WAS,No Delay,Domestic,7,-5
132,04MAR2000,LGA,YYZ,No Delay,International,7,-5
829,04MAR2000,LGA,WAS,1-10 Minutes,Domestic,7,3
183,04MAR2000,LGA,WAS,1-10 Minutes,Domestic,7,6
271,04MAR2000,LGA,CDG,1-10 Minutes,International,7,5
921,04MAR2000,LGA,DFW,1-10 Minutes,Domestic,7,8
302,04MAR2000,LGA,WAS,1-10 Minutes,Domestic,7,7
431,04MAR2000,LGA,LAX,1-10 Minutes,Domestic,7,7
308,04MAR2000,LGA,ORD,11+ Minutes,Domestic,7,11
182,05MAR2000,LGA,YYZ,1-10 Minutes,International,1,10
114,05MAR2000,LGA,LAX,No Delay,Domestic,1,-2
202,05MAR2000,LGA,ORD,1-10 Minutes,Domestic,1,2
219,05MAR2000,LGA,LHR,1-10 Minutes,International,1,3
439,05MAR2000,LGA,LAX,1-10 Minutes,Domestic,1,3
387,05MAR2000,LGA,CPH,11+ Minutes,International,1,11
290,05MAR2000,LGA,WAS,No Delay,Domestic,1,-1
523,05MAR2000,LGA,ORD,No Delay,Domestic,1,-8
982,05MAR2000,LGA,DFW,1-10 Minutes,Domestic,1,10
622,05MAR2000,LGA,FRA,No Delay,International,1,-6
872,05MAR2000,LGA,LAX,11+ Minutes,Domestic,1,18
416,05MAR2000,LGA,WAS,1-10 Minutes,Domestic,1,5
132,05MAR2000,LGA,YYZ,1-10 Minutes,International,1,3
829,05MAR2000,LGA,WAS,11+ Minutes,Domestic,1,15
183,05MAR2000,LGA,WAS,No Delay,Domestic,1,-2
271,05MAR2000,LGA,CDG,1-10 Minutes,International,1,5
921,05MAR2000,LGA,DFW,No Delay,Domestic,1,-5
302,05MAR2000,LGA,WAS,No Delay,Domestic,1,-7
431,05MAR2000,LGA,LAX,No Delay,Domestic,1,0
308,05MAR2000,LGA,ORD,1-10 Minutes,Domestic,1,9
182,06MAR2000,LGA,YYZ,1-10 Minutes,International,2,2
114,06MAR2000,LGA,LAX,No Delay,Domestic,2,-1
202,06MAR2000,LGA,ORD,No Delay,Domestic,2,-3
219,06MAR2000,LGA,LHR,11+ Minutes,International,2,27
439,06MAR2000,LGA,LAX,1-10 Minutes,Domestic,2,6
290,06MAR2000,LGA,WAS,No Delay,Domestic,2,-1
523,06MAR2000,LGA,ORD,No Delay,Domestic,2,-6
982,06MAR2000,LGA,DFW,1-10 Minutes,Domestic,2,4
821,06MAR2000,LGA,LHR,No Delay,International,2,-2
872,06MAR2000,LGA,LAX,No Delay,Domestic,2,-6
416,06MAR2000,LGA,WAS,No Delay,Domestic,2,-6
132,06MAR2000,LGA,YYZ,1-10 Minutes,International,2,7
829,06MAR2000,LGA,WAS,No Delay,Domestic,2,0
183,06MAR2000,LGA,WAS,No Delay,Domestic,2,-1
921,06MAR2000,LGA,DFW,1-10 Minutes,Domestic,2,2
302,06MAR2000,LGA,WAS,1-10 Minutes,Domestic,2,1
431,06MAR2000,LGA,LAX,No Delay,Domestic,2,-7
308,06MAR2000,LGA,ORD,11+ Minutes,Domestic,2,17
182,07MAR2000,LGA,YYZ,No Delay,International,3,0
114,07MAR2000,LGA,LAX,No Delay,Domestic,3,-1
202,07MAR2000,LGA,ORD,No Delay,Domestic,3,-2
219,07MAR2000,LGA,LHR,11+ Minutes,International,3,15
439,07MAR2000,LGA,LAX,1-10 Minutes,Domestic,3,8
387,07MAR2000,LGA,CPH,No Delay,International,3,-7
290,07MAR2000,LGA,WAS,1-10 Minutes,Domestic,3,3
523,07MAR2000,LGA,ORD,No Delay,Domestic,3,-10
982,07MAR2000,LGA,DFW,No Delay,Domestic,3,-5
622,07MAR2000,LGA,FRA,11+ Minutes,International,3,21
821,07MAR2000,LGA,LHR,1-10 Minutes,International,3,7
872,07MAR2000,LGA,LAX,1-10 Minutes,Domestic,3,3
416,07MAR2000,LGA,WAS,No Delay,Domestic,3,-5
132,07MAR2000,LGA,YYZ,No Delay,International,3,-2
829,07MAR2000,LGA,WAS,No Delay,Domestic,3,-3
183,07MAR2000,LGA,WAS,1-10 Minutes,Domestic,3,1
271,07MAR2000,LGA,CDG,1-10 Minutes,International,3,4
921,07MAR2000,LGA,DFW,No Delay,Domestic,3,-6
302,07MAR2000,LGA,WAS,No Delay,Domestic,3,0
431,07MAR2000,LGA,LAX,1-10 Minutes,Domestic,3,8
308,07MAR2000,LGA,ORD,No Delay,Domestic,3,0
114,08MAR2000,LGA,LAX,11+ Minutes,Domestic,4,13
202,08MAR2000,LGA,ORD,11+ Minutes,Domestic,4,17
219,08MAR2000,LGA,LHR,No Delay,International,4,-4
439,08MAR2000,LGA,LAX,1-10 Minutes,Domestic,4,6
387,08MAR2000,LGA,CPH,11+ Minutes,International,4,15
290,08MAR2000,LGA,WAS,1-10 Minutes,Domestic,4,3
523,08MAR2000,LGA,ORD,No Delay,Domestic,4,-5
982,08MAR2000,LGA,DFW,1-10 Minutes,Domestic,4,2
622,08MAR2000,LGA,FRA,No Delay,International,4,-5
821,08MAR2000,LGA,LHR,11+ Minutes,International,4,26
872,08MAR2000,LGA,LAX,No Delay,Domestic,4,0
416,08MAR2000,LGA,WAS,1-10 Minutes,Domestic,4,5
132,08MAR2000,LGA,YYZ,No Delay,International,4,-8
829,08MAR2000,LGA,WAS,1-10 Minutes,Domestic,4,10
183,08MAR2000,LGA,WAS,No Delay,Domestic,4,-2
271,08MAR2000,LGA,CDG,No Delay,International,4,-4
921,08MAR2000,LGA,DFW,1-10 Minutes,Domestic,4,3
302,08MAR2000,LGA,WAS,No Delay,Domestic,4,-4
431,08MAR2000,LGA,LAX,1-10 Minutes,Domestic,4,1
308,08MAR2000,LGA,ORD,1-10 Minutes,Domestic,4,7
182,09MAR2000,LGA,YYZ,No Delay,International,5,-1
114,09MAR2000,LGA,LAX,1-10 Minutes,Domestic,5,8
202,09MAR2000,LGA,ORD,11+ Minutes,Domestic,5,18
219,09MAR2000,LGA,LHR,No Delay,International,5,-6
439,09MAR2000,LGA,LAX,1-10 Minutes,Domestic,5,3
387,09MAR2000,LGA,CPH,11+ Minutes,International,5,17
290,09MAR2000,LGA,WAS,No Delay,Domestic,5,-2
523,09MAR2000,LGA,ORD,No Delay,Domestic,5,0
982,09MAR2000,LGA,DFW,No Delay,Domestic,5,-1
622,09MAR2000,LGA,FRA,No Delay,International,5,-6
821,09MAR2000,LGA,LHR,No Delay,International,5,-10
872,09MAR2000,LGA,LAX,11+ Minutes,Domestic,5,18
416,09MAR2000,LGA,WAS,1-10 Minutes,Domestic,5,3
132,09MAR2000,LGA,YYZ,1-10 Minutes,International,5,6
829,09MAR2000,LGA,WAS,No Delay,Domestic,5,-9
183,09MAR2000,LGA,WAS,1-10 Minutes,Domestic,5,3
271,09MAR2000,LGA,CDG,1-10 Minutes,International,5,8
921,09MAR2000,LGA,DFW,11+ Minutes,Domestic,5,12
302,09MAR2000,LGA,WAS,1-10 Minutes,Domestic,5,2
431,09MAR2000,LGA,LAX,1-10 Minutes,Domestic,5,1
308,09MAR2000,LGA,ORD,1-10 Minutes,Domestic,5,2
182,10MAR2000,LGA,YYZ,No Delay,International,6,-1
114,10MAR2000,LGA,LAX,1-10 Minutes,Domestic,6,5
202,10MAR2000,LGA,ORD,1-10 Minutes,Domestic,6,1
219,10MAR2000,LGA,LHR,11+ Minutes,International,6,26
439,10MAR2000,LGA,LAX,1-10 Minutes,Domestic,6,7
387,10MAR2000,LGA,CPH,1-10 Minutes,International,6,2
290,10MAR2000,LGA,WAS,No Delay,Domestic,6,-3
523,10MAR2000,LGA,ORD,No Delay,Domestic,6,-10
982,10MAR2000,LGA,DFW,No Delay,Domestic,6,0
622,10MAR2000,LGA,FRA,11+ Minutes,International,6,14
821,10MAR2000,LGA,LHR,No Delay,International,6,-5
872,10MAR2000,LGA,LAX,1-10 Minutes,Domestic,6,5
416,10MAR2000,LGA,WAS,1-10 Minutes,Domestic,6,8
132,10MAR2000,LGA,YYZ,No Delay,International,6,-2
829,10MAR2000,LGA,WAS,No Delay,Domestic,6,-1
183,10MAR2000,LGA,WAS,1-10 Minutes,Domestic,6,4
271,10MAR2000,LGA,CDG,No Delay,International,6,-2
921,10MAR2000,LGA,DFW,No Delay,Domestic,6,-2
302,10MAR2000,LGA,WAS,No Delay,Domestic,6,-6
431,10MAR2000,LGA,LAX,No Delay,Domestic,6,0
308,10MAR2000,LGA,ORD,1-10 Minutes,Domestic,6,4
182,11MAR2000,LGA,YYZ,1-10 Minutes,International,7,7
114,11MAR2000,LGA,LAX,11+ Minutes,Domestic,7,21
219,11MAR2000,LGA,LHR,1-10 Minutes,International,7,4
439,11MAR2000,LGA,LAX,1-10 Minutes,Domestic,7,5
387,11MAR2000,LGA,CPH,No Delay,International,7,0
523,11MAR2000,LGA,ORD,1-10 Minutes,Domestic,7,4
982,11MAR2000,LGA,DFW,11+ Minutes,Domestic,7,14
622,11MAR2000,LGA,FRA,1-10 Minutes,International,7,9
821,11MAR2000,LGA,LHR,No Delay,International,7,-5
872,11MAR2000,LGA,LAX,1-10 Minutes,Domestic,7,3
416,11MAR2000,LGA,WAS,1-10 Minutes,Domestic,7,2
132,11MAR2000,LGA,YYZ,1-10 Minutes,International,7,7
829,11MAR2000,LGA,WAS,1-10 Minutes,Domestic,7,1
183,11MAR2000,LGA,WAS,1-10 Minutes,Domestic,7,3
271,11MAR2000,LGA,CDG,11+ Minutes,International,7,13
921,11MAR2000,LGA,DFW,No Delay,Domestic,7,-1
302,11MAR2000,LGA,WAS,11+ Minutes,Domestic,7,13
431,11MAR2000,LGA,LAX,1-10 Minutes,Domestic,7,1
308,11MAR2000,LGA,ORD,No Delay,Domestic,7,-1
182,12MAR2000,LGA,YYZ,1-10 Minutes,International,1,2
114,12MAR2000,LGA,LAX,No Delay,Domestic,1,0
202,12MAR2000,LGA,ORD,1-10 Minutes,Domestic,1,8
219,12MAR2000,LGA,LHR,11+ Minutes,International,1,13
439,12MAR2000,LGA,LAX,1-10 Minutes,Domestic,1,4
387,12MAR2000,LGA,CPH,1-10 Minutes,International,1,10
290,12MAR2000,LGA,WAS,No Delay,Domestic,1,-5
523,12MAR2000,LGA,ORD,No Delay,Domestic,1,-3
982,12MAR2000,LGA,DFW,1-10 Minutes,Domestic,1,8
622,12MAR2000,LGA,FRA,11+ Minutes,International,1,22
872,12MAR2000,LGA,LAX,1-10 Minutes,Domestic,1,6
416,12MAR2000,LGA,WAS,No Delay,Domestic,1,-3
132,12MAR2000,LGA,YYZ,1-10 Minutes,International,1,1
829,12MAR2000,LGA,WAS,1-10 Minutes,Domestic,1,3
183,12MAR2000,LGA,WAS,1-10 Minutes,Domestic,1,10
271,12MAR2000,LGA,CDG,No Delay,International,1,-6
921,12MAR2000,LGA,DFW,11+ Minutes,Domestic,1,14
302,12MAR2000,LGA,WAS,1-10 Minutes,Domestic,1,5
431,12MAR2000,LGA,LAX,1-10 Minutes,Domestic,1,7
308,12MAR2000,LGA,ORD,1-10 Minutes,Domestic,1,5
182,13MAR2000,LGA,YYZ,No Delay,International,2,-4
114,13MAR2000,LGA,LAX,1-10 Minutes,Domestic,2,6
202,13MAR2000,LGA,ORD,No Delay,Domestic,2,-9
219,13MAR2000,LGA,LHR,11+ Minutes,International,2,14
439,13MAR2000,LGA,LAX,1-10 Minutes,Domestic,2,6
290,13MAR2000,LGA,WAS,No Delay,Domestic,2,-1
523,13MAR2000,LGA,ORD,1-10 Minutes,Domestic,2,3
982,13MAR2000,LGA,DFW,No Delay,Domestic,2,-2
821,13MAR2000,LGA,LHR,No Delay,International,2,-2
872,13MAR2000,LGA,LAX,11+ Minutes,Domestic,2,13
416,13MAR2000,LGA,WAS,No Delay,Domestic,2,-3
132,13MAR2000,LGA,YYZ,1-10 Minutes,International,2,6
829,13MAR2000,LGA,WAS,1-10 Minutes,Domestic,2,6
183,13MAR2000,LGA,WAS,1-10 Minutes,Domestic,2,3
921,13MAR2000,LGA,DFW,11+ Minutes,Domestic,2,12
302,13MAR2000,LGA,WAS,1-10 Minutes,Domestic,2,8
431,13MAR2000,LGA,LAX,11+ Minutes,Domestic,2,17
308,13MAR2000,LGA,ORD,1-10 Minutes,Domestic,2,2
182,14MAR2000,LGA,YYZ,No Delay,International,3,-3
114,14MAR2000,LGA,LAX,11+ Minutes,Domestic,3,12
202,14MAR2000,LGA,ORD,1-10 Minutes,Domestic,3,2
219,14MAR2000,LGA,LHR,1-10 Minutes,International,3,3
439,14MAR2000,LGA,LAX,1-10 Minutes,Domestic,3,8
387,14MAR2000,LGA,CPH,No Delay,International,3,-9
290,14MAR2000,LGA,WAS,1-10 Minutes,Domestic,3,1
523,14MAR2000,LGA,ORD,11+ Minutes,Domestic,3,18
982,14MAR2000,LGA,DFW,No Delay,Domestic,3,-5
622,14MAR2000,LGA,FRA,No Delay,International,3,-5
821,14MAR2000,LGA,LHR,1-10 Minutes,International,3,9
872,14MAR2000,LGA,LAX,11+ Minutes,Domestic,3,15
416,14MAR2000,LGA,WAS,1-10 Minutes,Domestic,3,6
132,14MAR2000,LGA,YYZ,1-10 Minutes,International,3,5
829,14MAR2000,LGA,WAS,No Delay,Domestic,3,-10
183,14MAR2000,LGA,WAS,No Delay,Domestic,3,0
921,14MAR2000,LGA,DFW,1-10 Minutes,Domestic,3,2
302,14MAR2000,LGA,WAS,No Delay,Domestic,3,0
431,14MAR2000,LGA,LAX,1-10 Minutes,Domestic,3,1
308,14MAR2000,LGA,ORD,No Delay,Domestic,3,-9
182,15MAR2000,LGA,YYZ,1-10 Minutes,International,4,5
114,15MAR2000,LGA,LAX,No Delay,Domestic,4,-8
202,15MAR2000,LGA,ORD,1-10 Minutes,Domestic,4,4
219,15MAR2000,LGA,LHR,No Delay,International,4,-9
439,15MAR2000,LGA,LAX,No Delay,Domestic,4,-2
387,15MAR2000,LGA,CPH,11+ Minutes,International,4,26
290,15MAR2000,LGA,WAS,No Delay,Domestic,4,-5
523,15MAR2000,LGA,ORD,1-10 Minutes,Domestic,4,1
982,15MAR2000,LGA,DFW,1-10 Minutes,Domestic,4,7
622,15MAR2000,LGA,FRA,No Delay,International,4,-2
821,15MAR2000,LGA,LHR,No Delay,International,4,-9
872,15MAR2000,LGA,LAX,No Delay,Domestic,4,-1
416,15MAR2000,LGA,WAS,No Delay,Domestic,4,-2
132,15MAR2000,LGA,YYZ,1-10 Minutes,International,4,6
829,15MAR2000,LGA,WAS,No Delay,Domestic,4,-3
183,15MAR2000,LGA,WAS,No Delay,Domestic,4,0
271,15MAR2000,LGA,CDG,No Delay,International,4,-3
921,15MAR2000,LGA,DFW,1-10 Minutes,Domestic,4,4
302,15MAR2000,LGA,WAS,No Delay,Domestic,4,-2
431,15MAR2000,LGA,LAX,No Delay,Domestic,4,0
308,15MAR2000,LGA,ORD,1-10 Minutes,Domestic,4,7
182,16MAR2000,LGA,YYZ,1-10 Minutes,International,5,9
114,16MAR2000,LGA,LAX,1-10 Minutes,Domestic,5,4
202,16MAR2000,LGA,ORD,No Delay,Domestic,5,0
219,16MAR2000,LGA,LHR,11+ Minutes,International,5,13
439,16MAR2000,LGA,LAX,No Delay,Domestic,5,-3
387,16MAR2000,LGA,CPH,No Delay,International,5,-1
290,16MAR2000,LGA,WAS,No Delay,Domestic,5,-1
523,16MAR2000,LGA,ORD,11+ Minutes,Domestic,5,14
982,16MAR2000,LGA,DFW,1-10 Minutes,Domestic,5,6
821,16MAR2000,LGA,LHR,1-10 Minutes,International,5,2
872,16MAR2000,LGA,LAX,1-10 Minutes,Domestic,5,10
416,16MAR2000,LGA,WAS,1-10 Minutes,Domestic,5,6
132,16MAR2000,LGA,YYZ,No Delay,International,5,0
829,16MAR2000,LGA,WAS,No Delay,Domestic,5,-2
183,16MAR2000,LGA,WAS,1-10 Minutes,Domestic,5,1
271,16MAR2000,LGA,CDG,11+ Minutes,International,5,20
921,16MAR2000,LGA,DFW,1-10 Minutes,Domestic,5,8
302,16MAR2000,LGA,WAS,1-10 Minutes,Domestic,5,2
431,16MAR2000,LGA,LAX,No Delay,Domestic,5,-1
308,16MAR2000,LGA,ORD,No Delay,Domestic,5,-2
114,17MAR2000,LGA,LAX,11+ Minutes,Domestic,6,11
202,17MAR2000,LGA,ORD,11+ Minutes,Domestic,6,19
219,17MAR2000,LGA,LHR,1-10 Minutes,International,6,3
439,17MAR2000,LGA,LAX,No Delay,Domestic,6,-2
387,17MAR2000,LGA,CPH,No Delay,International,6,-8
290,17MAR2000,LGA,WAS,No Delay,Domestic,6,-4
523,17MAR2000,LGA,ORD,11+ Minutes,Domestic,6,17
982,17MAR2000,LGA,DFW,No Delay,Domestic,6,-1
622,17MAR2000,LGA,FRA,No Delay,International,6,-1
821,17MAR2000,LGA,LHR,No Delay,International,6,-7
872,17MAR2000,LGA,LAX,1-10 Minutes,Domestic,6,3
416,17MAR2000,LGA,WAS,No Delay,Domestic,6,-5
132,17MAR2000,LGA,YYZ,1-10 Minutes,International,6,6
829,17MAR2000,LGA,WAS,No Delay,Domestic,6,0
183,17MAR2000,LGA,WAS,No Delay,Domestic,6,-3
271,17MAR2000,LGA,CDG,11+ Minutes,International,6,12
921,17MAR2000,LGA,DFW,1-10 Minutes,Domestic,6,4
302,17MAR2000,LGA,WAS,1-10 Minutes,Domestic,6,4
431,17MAR2000,LGA,LAX,1-10 Minutes,Domestic,6,3
308,17MAR2000,LGA,ORD,1-10 Minutes,Domestic,6,4
182,18MAR2000,LGA,YYZ,No Delay,International,7,-9
114,18MAR2000,LGA,LAX,1-10 Minutes,Domestic,7,5
202,18MAR2000,LGA,ORD,No Delay,Domestic,7,0
219,18MAR2000,LGA,LHR,No Delay,International,7,-10
439,18MAR2000,LGA,LAX,1-10 Minutes,Domestic,7,5
387,18MAR2000,LGA,CPH,No Delay,International,7,-6
290,18MAR2000,LGA,WAS,1-10 Minutes,Domestic,7,5
523,18MAR2000,LGA,ORD,No Delay,Domestic,7,-5
982,18MAR2000,LGA,DFW,11+ Minutes,Domestic,7,12
622,18MAR2000,LGA,FRA,No Delay,International,7,-7
821,18MAR2000,LGA,LHR,1-10 Minutes,International,7,9
872,18MAR2000,LGA,LAX,1-10 Minutes,Domestic,7,10
416,18MAR2000,LGA,WAS,1-10 Minutes,Domestic,7,2
132,18MAR2000,LGA,YYZ,No Delay,International,7,-5
829,18MAR2000,LGA,WAS,No Delay,Domestic,7,0
183,18MAR2000,LGA,WAS,No Delay,Domestic,7,-8
271,18MAR2000,LGA,CDG,1-10 Minutes,International,7,4
921,18MAR2000,LGA,DFW,1-10 Minutes,Domestic,7,2
302,18MAR2000,LGA,WAS,1-10 Minutes,Domestic,7,2
431,18MAR2000,LGA,LAX,No Delay,Domestic,7,-3
308,18MAR2000,LGA,ORD,No Delay,Domestic,7,-5
182,19MAR2000,LGA,YYZ,1-10 Minutes,International,1,6
114,19MAR2000,LGA,LAX,11+ Minutes,Domestic,1,16
202,19MAR2000,LGA,ORD,11+ Minutes,Domestic,1,14
219,19MAR2000,LGA,LHR,1-10 Minutes,International,1,4
439,19MAR2000,LGA,LAX,1-10 Minutes,Domestic,1,10
387,19MAR2000,LGA,CPH,1-10 Minutes,International,1,1
290,19MAR2000,LGA,WAS,11+ Minutes,Domestic,1,11
523,19MAR2000,LGA,ORD,11+ Minutes,Domestic,1,18
982,19MAR2000,LGA,DFW,1-10 Minutes,Domestic,1,1
622,19MAR2000,LGA,FRA,1-10 Minutes,International,1,2
872,19MAR2000,LGA,LAX,1-10 Minutes,Domestic,1,6
416,19MAR2000,LGA,WAS,No Delay,Domestic,1,-6
132,19MAR2000,LGA,YYZ,No Delay,International,1,-9
829,19MAR2000,LGA,WAS,1-10 Minutes,Domestic,1,2
183,19MAR2000,LGA,WAS,No Delay,Domestic,1,-3
271,19MAR2000,LGA,CDG,11+ Minutes,International,1,26
921,19MAR2000,LGA,DFW,1-10 Minutes,Domestic,1,1
302,19MAR2000,LGA,WAS,1-10 Minutes,Domestic,1,6
431,19MAR2000,LGA,LAX,No Delay,Domestic,1,-6
308,19MAR2000,LGA,ORD,No Delay,Domestic,1,-5
182,20MAR2000,LGA,YYZ,1-10 Minutes,International,2,10
114,20MAR2000,LGA,LAX,No Delay,Domestic,2,-1
202,20MAR2000,LGA,ORD,11+ Minutes,Domestic,2,19
219,20MAR2000,LGA,LHR,No Delay,International,2,-6
439,20MAR2000,LGA,LAX,No Delay,Domestic,2,-6
290,20MAR2000,LGA,WAS,1-10 Minutes,Domestic,2,3
523,20MAR2000,LGA,ORD,No Delay,Domestic,2,-7
982,20MAR2000,LGA,DFW,1-10 Minutes,Domestic,2,8
821,20MAR2000,LGA,LHR,1-10 Minutes,International,2,1
872,20MAR2000,LGA,LAX,1-10 Minutes,Domestic,2,9
416,20MAR2000,LGA,WAS,No Delay,Domestic,2,-1
132,20MAR2000,LGA,YYZ,1-10 Minutes,International,2,9
829,20MAR2000,LGA,WAS,1-10 Minutes,Domestic,2,3
183,20MAR2000,LGA,WAS,1-10 Minutes,Domestic,2,6
921,20MAR2000,LGA,DFW,1-10 Minutes,Domestic,2,3
302,20MAR2000,LGA,WAS,No Delay,Domestic,2,-4
431,20MAR2000,LGA,LAX,No Delay,Domestic,2,-4
308,20MAR2000,LGA,ORD,11+ Minutes,Domestic,2,13
182,21MAR2000,LGA,YYZ,No Delay,International,3,-6
114,21MAR2000,LGA,LAX,1-10 Minutes,Domestic,3,8
202,21MAR2000,LGA,ORD,No Delay,Domestic,3,-3
219,21MAR2000,LGA,LHR,1-10 Minutes,International,3,1
439,21MAR2000,LGA,LAX,No Delay,Domestic,3,-8
387,21MAR2000,LGA,CPH,No Delay,International,3,-1
290,21MAR2000,LGA,WAS,1-10 Minutes,Domestic,3,2
523,21MAR2000,LGA,ORD,1-10 Minutes,Domestic,3,9
982,21MAR2000,LGA,DFW,11+ Minutes,Domestic,3,20
622,21MAR2000,LGA,FRA,No Delay,International,3,-6
821,21MAR2000,LGA,LHR,1-10 Minutes,International,3,3
872,21MAR2000,LGA,LAX,No Delay,Domestic,3,0
416,21MAR2000,LGA,WAS,No Delay,Domestic,3,-5
132,21MAR2000,LGA,YYZ,1-10 Minutes,International,3,5
829,21MAR2000,LGA,WAS,1-10 Minutes,Domestic,3,1
183,21MAR2000,LGA,WAS,No Delay,Domestic,3,-9
271,21MAR2000,LGA,CDG,11+ Minutes,International,3,25
921,21MAR2000,LGA,DFW,1-10 Minutes,Domestic,3,5
302,21MAR2000,LGA,WAS,1-10 Minutes,Domestic,3,4
431,21MAR2000,LGA,LAX,11+ Minutes,Domestic,3,27
308,21MAR2000,LGA,ORD,1-10 Minutes,Domestic,3,5
182,22MAR2000,LGA,YYZ,No Delay,International,4,0
114,22MAR2000,LGA,LAX,11+ Minutes,Domestic,4,15
202,22MAR2000,LGA,ORD,No Delay,Domestic,4,-5
219,22MAR2000,LGA,LHR,No Delay,International,4,-5
439,22MAR2000,LGA,LAX,1-10 Minutes,Domestic,4,6
387,22MAR2000,LGA,CPH,1-10 Minutes,International,4,6
290,22MAR2000,LGA,WAS,No Delay,Domestic,4,-6
523,22MAR2000,LGA,ORD,11+ Minutes,Domestic,4,13
982,22MAR2000,LGA,DFW,1-10 Minutes,Domestic,4,6
622,22MAR2000,LGA,FRA,1-10 Minutes,International,4,5
821,22MAR2000,LGA,LHR,No Delay,International,4,-4
872,22MAR2000,LGA,LAX,1-10 Minutes,Domestic,4,9
416,22MAR2000,LGA,WAS,No Delay,Domestic,4,-4
132,22MAR2000,LGA,YYZ,1-10 Minutes,International,4,7
829,22MAR2000,LGA,WAS,1-10 Minutes,Domestic,4,6
271,22MAR2000,LGA,CDG,11+ Minutes,International,4,22
921,22MAR2000,LGA,DFW,No Delay,Domestic,4,-3
302,22MAR2000,LGA,WAS,1-10 Minutes,Domestic,4,8
431,22MAR2000,LGA,LAX,11+ Minutes,Domestic,4,16
308,22MAR2000,LGA,ORD,1-10 Minutes,Domestic,4,4
182,23MAR2000,LGA,YYZ,1-10 Minutes,International,5,6
114,23MAR2000,LGA,LAX,1-10 Minutes,Domestic,5,3
202,23MAR2000,LGA,ORD,No Delay,Domestic,5,-1
219,23MAR2000,LGA,LHR,1-10 Minutes,International,5,4
439,23MAR2000,LGA,LAX,1-10 Minutes,Domestic,5,6
387,23MAR2000,LGA,CPH,11+ Minutes,International,5,21
290,23MAR2000,LGA,WAS,1-10 Minutes,Domestic,5,5
523,23MAR2000,LGA,ORD,No Delay,Domestic,5,-3
982,23MAR2000,LGA,DFW,No Delay,Domestic,5,-9
622,23MAR2000,LGA,FRA,11+ Minutes,International,5,34
821,23MAR2000,LGA,LHR,1-10 Minutes,International,5,1
872,23MAR2000,LGA,LAX,1-10 Minutes,Domestic,5,9
416,23MAR2000,LGA,WAS,No Delay,Domestic,5,0
132,23MAR2000,LGA,YYZ,No Delay,International,5,0
829,23MAR2000,LGA,WAS,11+ Minutes,Domestic,5,11
183,23MAR2000,LGA,WAS,No Delay,Domestic,5,0
271,23MAR2000,LGA,CDG,1-10 Minutes,International,5,8
921,23MAR2000,LGA,DFW,1-10 Minutes,Domestic,5,2
302,23MAR2000,LGA,WAS,No Delay,Domestic,5,-6
431,23MAR2000,LGA,LAX,1-10 Minutes,Domestic,5,4
308,23MAR2000,LGA,ORD,No Delay,Domestic,5,-3
182,24MAR2000,LGA,YYZ,No Delay,International,6,-8
114,24MAR2000,LGA,LAX,1-10 Minutes,Domestic,6,6
202,24MAR2000,LGA,ORD,No Delay,Domestic,6,-7
219,24MAR2000,LGA,LHR,No Delay,International,6,-3
439,24MAR2000,LGA,LAX,11+ Minutes,Domestic,6,13
387,24MAR2000,LGA,CPH,11+ Minutes,International,6,19
290,24MAR2000,LGA,WAS,1-10 Minutes,Domestic,6,6
523,24MAR2000,LGA,ORD,No Delay,Domestic,6,-6
982,24MAR2000,LGA,DFW,No Delay,Domestic,6,-2
622,24MAR2000,LGA,FRA,11+ Minutes,International,6,28
821,24MAR2000,LGA,LHR,11+ Minutes,International,6,17
872,24MAR2000,LGA,LAX,No Delay,Domestic,6,-1
416,24MAR2000,LGA,WAS,1-10 Minutes,Domestic,6,3
132,24MAR2000,LGA,YYZ,1-10 Minutes,International,6,2
829,24MAR2000,LGA,WAS,1-10 Minutes,Domestic,6,4
183,24MAR2000,LGA,WAS,No Delay,Domestic,6,-4
271,24MAR2000,LGA,CDG,No Delay,International,6,-2
921,24MAR2000,LGA,DFW,1-10 Minutes,Domestic,6,9
302,24MAR2000,LGA,WAS,No Delay,Domestic,6,-4
431,24MAR2000,LGA,LAX,No Delay,Domestic,6,-3
308,24MAR2000,LGA,ORD,1-10 Minutes,Domestic,6,1
182,25MAR2000,LGA,YYZ,No Delay,International,7,-2
114,25MAR2000,LGA,LAX,No Delay,Domestic,7,0
202,25MAR2000,LGA,ORD,1-10 Minutes,Domestic,7,6
219,25MAR2000,LGA,LHR,11+ Minutes,International,7,14
439,25MAR2000,LGA,LAX,No Delay,Domestic,7,-4
387,25MAR2000,LGA,CPH,No Delay,International,7,-6
290,25MAR2000,LGA,WAS,No Delay,Domestic,7,-7
523,25MAR2000,LGA,ORD,No Delay,Domestic,7,0
982,25MAR2000,LGA,DFW,1-10 Minutes,Domestic,7,4
622,25MAR2000,LGA,FRA,No Delay,International,7,-4
821,25MAR2000,LGA,LHR,11+ Minutes,International,7,30
416,25MAR2000,LGA,WAS,1-10 Minutes,Domestic,7,3
132,25MAR2000,LGA,YYZ,1-10 Minutes,International,7,7
829,25MAR2000,LGA,WAS,No Delay,Domestic,7,-10
183,25MAR2000,LGA,WAS,No Delay,Domestic,7,-5
271,25MAR2000,LGA,CDG,1-10 Minutes,International,7,1
921,25MAR2000,LGA,DFW,1-10 Minutes,Domestic,7,3
302,25MAR2000,LGA,WAS,No Delay,Domestic,7,-5
431,25MAR2000,LGA,LAX,1-10 Minutes,Domestic,7,6
308,25MAR2000,LGA,ORD,11+ Minutes,Domestic,7,17
182,26MAR2000,LGA,YYZ,1-10 Minutes,International,1,10
114,26MAR2000,LGA,LAX,1-10 Minutes,Domestic,1,4
202,26MAR2000,LGA,ORD,1-10 Minutes,Domestic,1,8
219,26MAR2000,LGA,LHR,11+ Minutes,International,1,25
439,26MAR2000,LGA,LAX,11+ Minutes,Domestic,1,21
387,26MAR2000,LGA,CPH,11+ Minutes,International,1,18
290,26MAR2000,LGA,WAS,No Delay,Domestic,1,0
523,26MAR2000,LGA,ORD,1-10 Minutes,Domestic,1,9
982,26MAR2000,LGA,DFW,No Delay,Domestic,1,-8
622,26MAR2000,LGA,FRA,1-10 Minutes,International,1,3
872,26MAR2000,LGA,LAX,No Delay,Domestic,1,-4
416,26MAR2000,LGA,WAS,1-10 Minutes,Domestic,1,5
132,26MAR2000,LGA,YYZ,1-10 Minutes,International,1,1
829,26MAR2000,LGA,WAS,1-10 Minutes,Domestic,1,4
183,26MAR2000,LGA,WAS,1-10 Minutes,Domestic,1,2
271,26MAR2000,LGA,CDG,11+ Minutes,International,1,16
921,26MAR2000,LGA,DFW,1-10 Minutes,Domestic,1,3
302,26MAR2000,LGA,WAS,1-10 Minutes,Domestic,1,3
431,26MAR2000,LGA,LAX,1-10 Minutes,Domestic,1,9
308,26MAR2000,LGA,ORD,1-10 Minutes,Domestic,1,6
182,27MAR2000,LGA,YYZ,No Delay,International,2,-9
114,27MAR2000,LGA,LAX,11+ Minutes,Domestic,2,11
202,27MAR2000,LGA,ORD,1-10 Minutes,Domestic,2,6
219,27MAR2000,LGA,LHR,1-10 Minutes,International,2,10
439,27MAR2000,LGA,LAX,No Delay,Domestic,2,0
290,27MAR2000,LGA,WAS,No Delay,Domestic,2,-1
523,27MAR2000,LGA,ORD,No Delay,Domestic,2,-5
821,27MAR2000,LGA,LHR,1-10 Minutes,International,2,1
872,27MAR2000,LGA,LAX,1-10 Minutes,Domestic,2,1
416,27MAR2000,LGA,WAS,No Delay,Domestic,2,0
132,27MAR2000,LGA,YYZ,1-10 Minutes,International,2,4
829,27MAR2000,LGA,WAS,1-10 Minutes,Domestic,2,3
183,27MAR2000,LGA,WAS,1-10 Minutes,Domestic,2,2
921,27MAR2000,LGA,DFW,No Delay,Domestic,2,-5
302,27MAR2000,LGA,WAS,No Delay,Domestic,2,-4
431,27MAR2000,LGA,LAX,1-10 Minutes,Domestic,2,3
308,27MAR2000,LGA,ORD,11+ Minutes,Domestic,2,17
182,28MAR2000,LGA,YYZ,No Delay,International,3,-9
114,28MAR2000,LGA,LAX,1-10 Minutes,Domestic,3,5
202,28MAR2000,LGA,ORD,11+ Minutes,Domestic,3,13
219,28MAR2000,LGA,LHR,1-10 Minutes,International,3,6
439,28MAR2000,LGA,LAX,1-10 Minutes,Domestic,3,9
387,28MAR2000,LGA,CPH,11+ Minutes,International,3,12
290,28MAR2000,LGA,WAS,1-10 Minutes,Domestic,3,7
523,28MAR2000,LGA,ORD,11+ Minutes,Domestic,3,16
982,28MAR2000,LGA,DFW,1-10 Minutes,Domestic,3,10
622,28MAR2000,LGA,FRA,11+ Minutes,International,3,13
821,28MAR2000,LGA,LHR,1-10 Minutes,International,3,9
872,28MAR2000,LGA,LAX,No Delay,Domestic,3,-1
416,28MAR2000,LGA,WAS,No Delay,Domestic,3,-4
132,28MAR2000,LGA,YYZ,No Delay,International,3,-4
829,28MAR2000,LGA,WAS,1-10 Minutes,Domestic,3,8
183,28MAR2000,LGA,WAS,No Delay,Domestic,3,-2
271,28MAR2000,LGA,CDG,11+ Minutes,International,3,14
921,28MAR2000,LGA,DFW,No Delay,Domestic,3,-5
302,28MAR2000,LGA,WAS,No Delay,Domestic,3,-2
431,28MAR2000,LGA,LAX,No Delay,Domestic,3,-6
308,28MAR2000,LGA,ORD,No Delay,Domestic,3,0
182,29MAR2000,LGA,YYZ,1-10 Minutes,International,4,10
114,29MAR2000,LGA,LAX,No Delay,Domestic,4,-7
202,29MAR2000,LGA,ORD,No Delay,Domestic,4,-1
219,29MAR2000,LGA,LHR,11+ Minutes,International,4,27
439,29MAR2000,LGA,LAX,No Delay,Domestic,4,-4
387,29MAR2000,LGA,CPH,11+ Minutes,International,4,22
290,29MAR2000,LGA,WAS,1-10 Minutes,Domestic,4,6
523,29MAR2000,LGA,ORD,1-10 Minutes,Domestic,4,6
982,29MAR2000,LGA,DFW,No Delay,Domestic,4,-7
622,29MAR2000,LGA,FRA,1-10 Minutes,International,4,3
821,29MAR2000,LGA,LHR,11+ Minutes,International,4,14
872,29MAR2000,LGA,LAX,No Delay,Domestic,4,-4
416,29MAR2000,LGA,WAS,1-10 Minutes,Domestic,4,3
132,29MAR2000,LGA,YYZ,1-10 Minutes,International,4,5
183,29MAR2000,LGA,WAS,11+ Minutes,Domestic,4,11
271,29MAR2000,LGA,CDG,11+ Minutes,International,4,39
921,29MAR2000,LGA,DFW,11+ Minutes,Domestic,4,13
302,29MAR2000,LGA,WAS,No Delay,Domestic,4,-6
431,29MAR2000,LGA,LAX,11+ Minutes,Domestic,4,16
308,29MAR2000,LGA,ORD,No Delay,Domestic,4,-4
182,30MAR2000,LGA,YYZ,1-10 Minutes,International,5,2
114,30MAR2000,LGA,LAX,No Delay,Domestic,5,-7
202,30MAR2000,LGA,ORD,1-10 Minutes,Domestic,5,7
219,30MAR2000,LGA,LHR,No Delay,International,5,0
439,30MAR2000,LGA,LAX,1-10 Minutes,Domestic,5,7
387,30MAR2000,LGA,CPH,1-10 Minutes,International,5,8
290,30MAR2000,LGA,WAS,1-10 Minutes,Domestic,5,4
523,30MAR2000,LGA,ORD,1-10 Minutes,Domestic,5,10
982,30MAR2000,LGA,DFW,1-10 Minutes,Domestic,5,8
622,30MAR2000,LGA,FRA,1-10 Minutes,International,5,1
821,30MAR2000,LGA,LHR,No Delay,International,5,-1
872,30MAR2000,LGA,LAX,11+ Minutes,Domestic,5,12
416,30MAR2000,LGA,WAS,No Delay,Domestic,5,-4
132,30MAR2000,LGA,YYZ,1-10 Minutes,International,5,6
829,30MAR2000,LGA,WAS,1-10 Minutes,Domestic,5,3
183,30MAR2000,LGA,WAS,1-10 Minutes,Domestic,5,3
271,30MAR2000,LGA,CDG,11+ Minutes,International,5,16
921,30MAR2000,LGA,DFW,No Delay,Domestic,5,-3
302,30MAR2000,LGA,WAS,No Delay,Domestic,5,-6
431,30MAR2000,LGA,LAX,1-10 Minutes,Domestic,5,2
308,30MAR2000,LGA,ORD,No Delay,Domestic,5,-1
182,31MAR2000,LGA,YYZ,No Delay,International,6,-6
114,31MAR2000,LGA,LAX,No Delay,Domestic,6,-2
202,31MAR2000,LGA,ORD,No Delay,Domestic,6,-8
219,31MAR2000,LGA,LHR,No Delay,International,6,-4
439,31MAR2000,LGA,LAX,1-10 Minutes,Domestic,6,7
387,31MAR2000,LGA,CPH,1-10 Minutes,International,6,9
290,31MAR2000,LGA,WAS,1-10 Minutes,Domestic,6,6
523,31MAR2000,LGA,ORD,1-10 Minutes,Domestic,6,3
982,31MAR2000,LGA,DFW,1-10 Minutes,Domestic,6,7
622,31MAR2000,LGA,FRA,11+ Minutes,International,6,19
821,31MAR2000,LGA,LHR,1-10 Minutes,International,6,2
872,31MAR2000,LGA,LAX,No Delay,Domestic,6,-1
416,31MAR2000,LGA,WAS,1-10 Minutes,Domestic,6,5
132,31MAR2000,LGA,YYZ,No Delay,International,6,-3
829,31MAR2000,LGA,WAS,No Delay,Domestic,6,-4
183,31MAR2000,LGA,WAS,1-10 Minutes,Domestic,6,6
271,31MAR2000,LGA,CDG,1-10 Minutes,International,6,7
921,31MAR2000,LGA,DFW,No Delay,Domestic,6,-1
302,31MAR2000,LGA,WAS,No Delay,Domestic,6,-2
431,31MAR2000,LGA,LAX,1-10 Minutes,Domestic,6,8
308,31MAR2000,LGA,ORD,1-10 Minutes,Domestic,6,1
